name,created_at,email,phone_number
test 1,1/15/2025,,
test 2,1/16/2025,,
test 3,1/17/2025,,
test 4,1/18/2025,,
test 5,1/19/2025,,
test 6,1/20/2025,,
test 7,1/21/2025,,
test 8,1/22/2025,,
test 9,1/23/2025,,
test 10,1/24/2025,,
test 11,1/25/2025,,
test 12,1/26/2025,,
test 13,1/27/2025,,
test 14,1/28/2025,,
test 15,1/29/2025,,
test 16,1/30/2025,,
test 17,1/31/2025,,
test 18,2/1/2025,,
test 19,2/2/2025,,
test 20,2/3/2025,,
test 21,2/4/2025,,
test 22,2/5/2025,,
test 23,2/6/2025,,
test 24,2/7/2025,,
test 25,2/8/2025,,
